새우 두부 계란찜	반찬	나트륨의 배출을 도와주는 것으로 알려진 칼륨이 풍부한 시금치와 소금, 간장 등의 양념 대신 새우에 들어있는 간으로 맛을 내요.	
부추 콩가루 찜	반찬	콩가루로 버무려 감칠맛과 고소한 맛으로 나트륨 사용량을 줄여보세요. 부추는 피를 맑게 하고 허약 체질을 개선하여 성인병을 예방하는데 효과가 있지만, 알레르기 체질이나 위장이 약한 사람은 부작용이 생길 수 있으니 주의하세요.	
방울토마토 소박이	반찬	소금에 절이는 오이 대신 방울토마토를 사용하여 나트륨 섭취를 줄였어요. 토마토에는 과일에 대체로 없는 글루탐산이 풍부하여 감칠맛을 내주며, 겉절이 양념과 잘 어우러져 상큼함과 감칠맛을 내주어요.	
순두부 사과 소스 오이무침	반찬	사과에는 팩틴이 풍부하여 체내 나쁜 콜레스테롤을 감소시키고 나트륨 배출을 촉진시켜줘요. 순두부와 사과를 갈아 만든 소스는 맵고 짠 자극적인 간이 아닌 재료 그대로의 새콤달콤한 맛과 깔끔한 맛을 내요.	
사과 새우 북엇국	국&찌개	소금과 간장 대신 북어채와 새우의 짠맛으로 간을 한 담백한 맛의 북엇국을 만들었어요. 홍합이나 바지락을 넣으면 시원한 국물을 연출 할 수 있어요.	
저염 된장으로 맛을 낸 황태해장국	국&찌개	황태해장국을 조리할 때 소금 대신 저염된장을 사용하면 덜 짜고 감칠맛 나는 황태해장국을 맛 볼 수 있어요.
황태는 빛이 누렇고 살이 연한 것이 좋은 상품이며, 황태는 냉동실에 보관하거나 잘 밀봉하여 건조하고 서늘한 곳에 보관하는 것이 좋아요.	
된장국	국&찌개	된장국의 된장 사용량을 줄이기 위해 두부와 감자 등의 재료를 갈아 넣으면 담백한 된장국을 맛볼 수 있어요.
된장의 양을 적게 사용함으로 나트륨 섭취를 줄일 수 있어요.	
표고버섯 청경채국	국&찌개	표고버섯 밑둥을 육수에 넣어 감칠맛을 더하고, 멸치와 다시마는 다량의 소금 없이도 국물 맛을 깊게 만들어 주는 역할을 해요. 건표고버섯은 햇볕에 말리는 과정에서 만들어진 비타민 D가 풍부해 칼슘 흡수를 도와 골다공증 예방에 좋은 식품이예요. 생표고버섯에는 비타민 D가 거의 들어있지 않아요.	
치커리샐러드와 올리브 마늘 소스	반찬	치커리를 육류와 함께 섭취하면 치커리의 산뜻한 맛으로 입맛을 돋우고 섬유소의 섭취를 늘릴 수 있으며 동맥경화를 예방하는데 도움이 된답니다. 치커리에는 칼륨이 많아 육류나 고나트륨 식사시 함께 섭취하면 체내나트륨 배출에 효과적이에요.	
스트로베리 샐러드	반찬	딸기는 칼륨이 풍부하여 나트륨 배출에 뛰어나지만 칼슘이 부족한 과일이예요. 그렇기 때문에 칼슘이 풍부한 요거트나 기타 유제품과 함께 섭취하면 좋아요.	
시금치 우유 소스와 그린매쉬드포테이토	반찬	시금치에 풍부한 칼륨과 우유의 칼슘은 나트륨 배출을 도와줘요. 감자도 칼륨이 풍부한 채소이지만 감자에 부족한 칼슘을 유제품과 함께 섭취하면 칼슘을 보충 받을 수 있어요.	
버섯구이와 두부타르타르 소스	반찬	새송이 버섯은 칼륨 함량이 높아 육류와 함께 섭취하면 혈중 콜레스테롤 수치를 낮추는데 효과가 있어요.
나트륨이 많은 간장이나 소금 대신 겨자, 레몬 등을 이용한 소스로 나트륨 함량을 줄여보세요.	
구운채소와 간장레몬 소스	반찬	채소와 버섯류에는 대부분 나트륨 배출에 효과적인 칼륨이 함유되어 있어 채소를 많이 섭취하는 것이 저나트륨 식단의 기본이에요. 레몬즙은 음식의 짠맛을 감추고 간장과 함께 사용하면 간장의 감칠맛을 상승시키는 효
과도 있어요.	
브로콜리 컬리플라워 샐러드와 두유 요거트 소스	반찬	브로콜리와 컬리플라워를 데치는 과정에서만 소금을 넣어 맛과 색은 살려주고 소금 사용은 줄였어요, 또한 마요네즈 대신 두유를 사용하면 맛은 고소해지고 나트륨 배설은 증가 시킬 수 있어요.	
오렌지와 당근 만남주스	후식	시판되는 대부분의 주스는 가공되고 농축되는 과정에서 나트륨이 첨가되는 경우가 있어 과일, 채소를 직접 갈아 마시면 나트륨 섭취를 줄일 수 있어요.	
칠곡석류국수	일품	견과류에는 불포화 지방산이 풍부하게 함유되어 있어, 고지혈증 등 혈류개선에 효과가 있어 성인병 예방에 좋다. 짠맛을 대신하여 석류의 새콤달콤한 맛을 활용하고, 볶은 견과류로 고소한 맛과 풍미를 더하였다.	
블랙빈 곤약국수	일품	검은콩은 안토시아닌 색소를 많이 함유하고 있어 시력회복과 항암작용에 좋다. 나트륨 함량이 높은 소면을 대신하여 실곤약으로 면을 대체함으로써 나트륨과 칼로리의 섭취량을 줄이고, 콩국물에 흑임자와 호두를 넣어 짠맛 대신 고소한 맛과 향을 강조한다.	
닭가슴살 브로콜리 만두	일품	칼륨 함량이 높은 브로콜리를 사용하여 나트륨 배출을 돕는다. 만두소는 저염간장으로 양념하고 별도로 초간장을 곁들이지 않아 나트륨섭취를 줄인다.	
함초 냉이 국수	일품	냉이에 함유된 비타민A와 비타민C는 소화작용을 용이하게 한다. 소금을 대체하여 함초를 사용하고, 멸치와 모시조개, 다시마 등을 사용하여 감칠맛을 더한다.	
된장 두부찌개	국&찌개	김치는 물에 헹구어 염분을 제거하고 고추를 넣어 매운 맛과 향을 더한다. 두부는 콩 단백질이 풍부한 식품으로 두뇌발달에 좋다.	
부대된장찌개	국&찌개	저염된장과 저염햄을 사용하고 김치는 물에 헹구어 염도를 낮추어 준다.	
양배추감자전	반찬	감자와 양배추에는 칼륨이 풍부하게 들어있어 나트륨 배출에 도움을 준다. 양념간장 대신 과일즙을 활용한 폰즈소스를 곁들여 나트륨 섭취량을 줄였다.	
돌나물 샐러드	반찬	샐러드드레싱에 짠맛을 줄이기 위해 마요네즈 사용량을 줄이고 레몬즙과 청양고추를 혼합하여 드레싱을 만들면 짠맛을 줄이는 효과를 낼 수 있어요. 마요네즈 사용이 지나치면 나트륨과 콜레스테롤의 섭취가 높아지므로 주의하세요.	
석류 보쌈김치	반찬	배추는 최소한의 소금으로 절이고 석류 즙으로 새콤한 맛과 향을 더한다. 미네랄, 칼슘, 무기질이 풍부한 석류는 여성질환에 도움을 준다.	
유자 대구조림	반찬	소스에 유자청으로 향을 더하고 발사믹식초로 상큼함을 더한다. 찜은 재료 본연의 맛을 느낄 수 있는 조리법이며 소스를 찍어먹을 수 있도록 곁들여 내면 나트륨 섭취량을 줄일 수 있다.	
파프리카 물김치	반찬	김치를 절인 후 찬물에 세 번 씻어 소금기를 빼고 기호에 따라 청고추를 넣어 매콤한 맛을 준다.	
고추장 라따뚜이	반찬	칼륨이 풍부한 토마토를 사용하여 나트륨 배출에 도움을 주며, 살라미는 끓는 물에 데쳐 염분을 제거한 후 사용한다.	
민들레 샐러드	반찬	간장에 생수를 희석하여 염도를 낮추고 레몬의 상큼함을 강조한다.	
토마토 가지 카프레제	후식	칼륨 함량이 높은 토마토와 가지 사용하여 나트륨의 배출을 돕고, 가지와 토마토의 영양성분 중 베타카로틴은 시력보호와 피부노화에 효과가 있다.	
우렁된장소스 배추롤	일품	된장에 양파, 당근, 호박, 표고버섯을 많이 섞어 나트륨 함량을 감소시키고, 야채맛이 가득한 된장소스를 만들 수 있어요.	
인삼떡갈비	반찬	대추의 단맛 때문에 간장을 적게 쓸 수 있어 나트륨을 줄일 수 있어요	
초계탕과 사색곤약	반찬	다시마와 건새우의 천연 조미료 성분이 나트륨을 대신할 수 있어요.	
호박잎 삼계탕	일품	소화가 잘되는 찹쌀을 사용하여 쫀득한 맛을 낼 수 있으며, 별도 소스없이 고소한 맛을 즐길 수 있어요.	
황태미역 곤약스프	국&찌개	된장에 두부를 섞어서 나트륨을 감소시킬 수 있어요.	
훈제오리가슴살 샐러드	반찬	훈제오리와 양파채 및 레디쉬채와 블루베리를 함께 먹으면 나트륨 섭취도 감소시켜주고 훈제오리의 맛을 한층 더 좋게 만들어요	
훈제오리가슴살크러스트	반찬	로즈마리를 사용하여 오리고기의 잡내를 제거하고, 유자청을 이용한 소스는 소금을 적게 사용해도 맛을 좋게 만들어요.	
간장소스를 곁들인 새우전복찜	반찬	해초류를 사용해서 소금을 대신할 수 있어요.	
검은콩국수	일품	블랙푸드의 대표 주자인 검은콩으로 만들어 나트륨 함량을 줄일 수 있었어요.	
겨자소스로 구운 산마샐러드	반찬	참나물, 돈나물의 칼륨 성분이 체내에 쌓인 나트륨을 배출을 도와줘요.	
닭고기김치찌개	국&찌개	멸치다시마육수를 이용해 깊은 맛을 내 소금간을 줄여
나트륨 섭취를 적게 할 수 있고, 달걀물을 부어 자극적인 맛을 줄였다.	
완자김치찌개	국&찌개	김치는 물에 한 번 씻어 염분을 최대한 제거하고,
쇠고기육수로 깊은 맛을 내고 붉은 고추로 매콤한 맛을 더해
소금간을 하지 않아 나트륨 섭취를 줄였다.	
백김치콩비지찌개	국&찌개	콩비지찌개를 끓일 때 넣는 묵은지 대신
백김치를 넣어 염분을 줄이고 깔끔한 맛을 냈다.	
오징어김치찌개	국&찌개	김치의 속을 덜어내 염분을 줄였고,
김치 자체의 간만을 이용해 나트륨 섭취량을 줄였다.	
해물김치찌개	국&찌개	•김치는 국물을 꼭 짜서 사용해 염분을 줄였고, 해산물을 넣어 간을 맞췄어요.
•배즙으로 짠맛을 중화하면서 나트륨 함량을 줄였어요.	
맑은부대찌개	국&찌개	보통 부대찌개에 들어가는 김치와 햄 대신
배추와 고기완자를 넣어 나트륨 함량을 줄였다.	
나가사키부대찌개	국&찌개	나트륨 함량이 높은 김치와 고추장 대신 사골육수와 청양고추를 사용해
염도를 낮추면서 칼칼하고 깔끔한 맛을 내 나트륨 섭취를 줄였다	
삼계부대찌개	국&찌개	양념장에 고추장 대신 겨자가루와 콩가루로 간을 하여 나트륨 사용을 줄였다	
쑥갓부대찌개	국&찌개	•김치는 씻어서 사용하고 햄은 한 번 데쳐 나트륨 함량을 낮췄어요.	
들깨순두부찌개	국&찌개	보통 순두부찌개에 넣는 고춧가루를 넣지 않고
들깻가루와 들깨를 넣어 고소한 맛을 내 나트륨 섭취를 줄였다.	
백태순두부찌개	국&찌개	매콤한 보통의 순두부찌개와는 달리 백태와 청양고추로
맛을 내 나트륨 함량을 낮추면서 새우와 바지락으로 감칠맛을 냈다.	
버섯순두부찌개	국&찌개	•된장의 양을 줄이는 대신 찹쌀가루와 들깻가루로 구수한 맛을 내 나트륨 함량을 낮췄어요.
•감자는 체내 나트륨 배출을 돕는 칼륨이 다량 함유된 채소예요.	
토란순두부찌개	국&찌개	백합으로 진한 육수를 내고 들깻가루로 구수한 맛을 더해 소금간을 줄여 나트륨 함량을 낮췄다.
또한 나트륨 배출에 효과적인 토란을 넣었다.	
토마토스프파스타	일품	나트륨 배출에 도움을 주는 토마토와 갖가지 채소들이 조화를 이루어 짠맛을 대체하였다.	
다이어트국수	일품	열무물김치의 시원한 맛과 청량감이 느껴지는 탄산수, 그리고 염이 낮은 어간장으로 국수국물이 조화를 이루었다.	
오징어구이	반찬	고추장 대신 홀토마토를 사용해 나트륨 섭취를 줄였다.	
배숙구이	후식	배의 시원한 맛에 탄산수의 개운한 맛을 더하여 추가 간을 하지 않아도 맛있는 음료를 즐길 수가 있다.	
웰빙스테이크	일품	사과의 단맛과 버터의 고소한 맛으로 소스를 만들어 추가 간을 따로 하지 않고 소고기의 풍미와 맛을 살려주었다.	
오징어콩순대	일품	소금 대신 카레가루를 곁들여 향미를 돋우고, 귀리와 강낭콩을 이용해 식감을 높였다.	
토마토소고기장조림	반찬	우둔살을 한 번 데쳐내 간장이 고기 내부까지 흡수되는 것을 방지하였다.	
토마토소고기찜	반찬	샐러리, 파슬리가루, 흰후추 등 향신료를 사용해 향신료 특유의 맛과 향으로 짠맛을 대체하였다.	
맛간장삼치구이	반찬	커피를 넣어 삼치의 비린맛을 잡아주고, 야채 발효액이 첨가된 맛간장을 사용해서 염도는 낮추고 깊은 맛을 살렸다.	
삼겹살꼬치구이	반찬	소금 대신 후추, 로즈마리 등의 향신료와 마늘기름, 대파를 사용하여 나트륨을 줄였으며, 이 재료들 특유의 맛과 향이 삼겹살의 누린내를 잡아주고 음식을 조화롭게 해준다.	
새우아욱죽	밥	일반 된장 보다 염도를 낮춘 저염된장을 사용하고 칼륨의 함량이 높은 아욱을 넣어 나트륨 배출을 돕는다.	
까르보나라뇨끼	일품	염분이 많은 베이컨을 한 번 데친 후 사용하여 나트륨 섭취량을 줄였고 양파와 우유, 생크림을 이용하여 구수하고 담백한 맛을 높였다.	
호박죽	일품	호박죽의 감칠맛을 높이기 위해 버섯마늘소금과 치즈가루로 간을 하였다.
볶은 현미를 이용해 나트륨 사용을 줄여주고 고소함을 더했다.	
라이스버거떡갈비	반찬	라이스버거와 떡갈비를 함께 먹을 수 있는 겉절이를 절인 배추 대신 칼륨이 풍부한 토마토와 양파를 주재료로 하여 만들었다. 일반 간장 대신 염도가 낮은 맛간장으로 맛을 냈다.	
고추김치	반찬	•김치를 담글 때 사용하는 젓갈 대신 연근, 부추, 생강청으로 대체하여 김치 특유의 맛과 향미를 높였어요.	
누룽닭	반찬	주꾸미와 새우를 넣어 만들어서, 나트륨을 적게 넣어 만들 수 있었어요.	
광어스테이크	반찬	광어를 견과류와 함께 어울려 만든 스테이크는 나트륨을 적게 사용해도 맛과 영양을 느낄 수 있어요.	
치즈감자크로켓	후식	감자에 들어있는 칼륨은 나트륨 배출을 도와줍니다.	
코코넛밀크카레	반찬	코코넛 밀크와 카레의 풍미가 더해져 짜지 않고 맛있는 카레를 만들 수 있어요.	
소고기리조또롤	밥	된장에 생크림을 섞어 풍미는 높이고 나트륨 함량은 낮췄어요.	
둥지튀김	반찬	녹말의 점도로 인해 나트륨을 적게 사용해도 맛을 오래 느낄 수 있어요	
새우와스테이크	일품	와인의 풍미와 갖가지 채소를 이용한 소스는 나트륨 사용을 줄일 수 있으며, 아스파라거스의 칼륨 성분이 체내에 나트륨을 배출시켜 주어요.	
함초삼겹	반찬	함초가루를 이용하여 나트륨 사용을 줄였어요.	
햄버거스테이크	반찬	매실과 요거트의 새콤달콤한 맛이 나트륨 사용을 줄일 수 있어요.	
유자삼치구이	반찬	삼치에 소금을 살짝 뿌려서 말리면 추가간을 하지 않아도 싱겁지 않으며, 간장 소스 대신 레몬 유자 소스를 이용하여 나트륨의 함량을 줄일 수
있어요.	
냉토마토파스타	일품	깔끔한 맛의 토마토소스를 차갑게 만들어, 나트륨 함량이 적어도 싱겁지 않아요.	
닭고기또띠아	반찬	머스터드를 소스로 사용하기 때문에 별도의 나트륨을 넣지 않아, 나트륨 섭취를 줄일 수 있어요.	
닭고기스테이크	반찬	두부의 단백하고 고소한 맛을 이용하여 영양가 있고 맛있는 스테이크를 만들 수 있어요.	
오징어순대	반찬	갖가지 채소를 넣은 오징어 순대는 따로 양념장을 찍어먹지 않아도 맛있어요.	
연어차우더스프	일품	모시조개의 맛과 향을 이용하여 추가 간을 하지 않아도 맛있어요.	
시금치브로컬리 파스타	일품	생크림이 맛도 부드럽게 해주고 나트륨도 줄여 줘요.	
야채찜을 곁들인 광어스테이크	일품	야채를 찜통에 쪄서 영양소 파괴를 줄였으며, 저염간장에 레몬즙을 넣어 나트륨 함량을 줄일 수 있어요.	
연근부각	반찬	미네랄이 풍부한 천일염을 볶아 사용해서 나트륨을 줄일 수 있어요.	
오이냉국을 곁들인 오색쌈밥	밥	갖은 야채와 나물을 골고루 넣은 쌈밥은 고추장을 조금 사용하게 해 나트륨 함량을 줄일 수 있어요.	
카레탄두리치킨과 닭가슴살냉채	일품	카레가루를 묻혀 닭의 비릿한 맛도 없애고, 별도의 소금을 넣지 않아도 맛이 좋게 만들 수 있어요.	
컬리플라워소스 광어스테이크	일품	소스에 칼슘이 가득한 우유을 넣어 담백하고, 나트륨을 줄일 수 있어요.	
콜라비오미자 물김치	반찬	건새우로 육수를 만들어 풍부한 맛을 내고 나트륨을 줄일 수 있어요.	
크림소스치킨롤	일품	베이컨을 데쳐 사용하면 나트륨을 줄일 수 있어요.	
표고버섯 감자찜	반찬	표고버섯의 향과 담백한 감자 덕분에 간을 하지 않아도 맛있게 먹을 수 있어요.	
해물애호박 전병말이	반찬	새우와 오징어를 다져 넣었기 때문에 소금을 안 넣어도 맛있는 전병을 만들 수 있어요.	
찬밥이용닭죽	밥	닭은 찬물에 넣어 끓여야 고기의 맛있는 성분이 잘 우러 나온다. - 닭 육수를 만들 때 황기, 대추, 수삼을 넣으면 여름철 보양식으로 좋다. - 녹두를 섞어 끓이면 고소하고 담백한 맛이 있다.	
감자느타리버섯국	국&찌개	멸치는 찬물에 넣고 끓여 국물을 내고 끓는 중간에 생기는 거품을 걷어낸다. - 느타리버섯은 갓 쪽에서 기둥 쪽을 향해 찢으면 잘 찢어진다.	
민어매운탕	국&찌개	양념장을 미리 만들어 숙성시켜 사용하면 얼큰한 맛이 증가되고 풍미가 좋아진다.	
아몬드치킨볼	반찬	소금 대신 우유와 들깨소스를 넣은 소스로 나트륨 섭취를 줄이고 고소함과 담백함을 더했다.	
양배추롤	반찬	밥에 새우가루를 넣어 감칠맛을 냈고,
소금간을 하는 대신 달래무침을 곁들여 나트륨 섭취량을 줄였다.
또한 양배추에는 칼륨이 풍부하게 함유되어 있어 체내 나트륨 배출에 효과적이다	
생선베이컨말이	반찬	소금간 대신 시금치소스로 맛을 내 나트륨을 적게 섭취하였다	
콩고기샐러드	반찬	육류에 비해 나트륨 함량이 적은 콩고기를 사용하고, 바나나 등 과일로
달콤한 맛을 내 소금간을 따로 하지 않아 나트륨 섭취량을 줄였다.	
퀴노아닭가슴살샐러드	반찬	토마토와 수박은 칼륨 함량이 높아 나트륨 배출을 촉진하였고,
소스의 짠맛 대신 복분자와 레몬즙을 넣어 과실 특유의 맛을 살렸다	
바나나크림파스타	일품	아보카도와 바나나에는 칼륨이 다량 함유되어 있어 나트륨 배출을 돕는다.
이들을 소스로 사용해 단맛으로 맛을 냈다.	
산채쌀파스타	일품	적겨자, 취나물 등 산채를 사용해 특별히 간을 하지 않아도
쌉싸름한 향과 맛을 살려 나트륨 섭취를 줄였다.	
황태포당면국수	일품	멸치, 황태 등 천연조미료를 사용해 육수 특유의 구수한 맛을 살려
짠맛을 내는 간장과 소금의 양을 줄였다	
닭갈비볶음면	일품	파프리카와 토마토를 소스에 넣어 나트륨 함량을 줄이면서
자연스러운 단맛을 내 나트륨 섭취를 줄였다.	
오색볶음면	일품	면을 미리 한 번 삶은 뒤 헹궈내 튀긴 면의 나트륨을 제거하고,
파프리카와 청경채, 양파를 곁들여 나트륨 배출을 도와주는 칼륨의 함량을 높였다.	
로제소스라면	일품	토마토와 해물에서 우러나오는 감칠맛으로 따로 소금간을 하지 않아
나트륨을 줄이고, 라면을 한 번 데쳐 염도를 낮췄다.	
라면월남쌈튀김	반찬	저염간장을 이용해 염분을 줄인 대신
매실청과 레드와인으로 맛을 더해 나트륨 섭취량을 줄였다.	
삼겹살라면	일품	가다랑어포 육수를 사용해 나트륨 섭취를 줄였다.
또한 라면을 끓인 뒤 찬물로 헹궈 나트륨 함량을 낮췄다	
유자샐러드라면	일품	면을 데칠 때 많은 양의 물을 끓여 나트륨이 충분히 빠져나가게 했다.
또한 채소를 많이 넣고 면을 반만 사용해 나트륨의 양도 반으로 낮춰 섭취량을 줄였다.	
주꾸미머리순대	반찬	소스에 고추장의 양을 줄이고 레몬즙을 넣어 상큼한 맛을 높여 짠맛을 대체하였다.	
매실동치미	반찬	동치미 국물에 매실청과 생강청을 넣어 시원함과 새콤달콤한 맛을 더해주어 소금 사용량을 줄였으며, 청양고추를 썰어 넣어 칼칼함을 높여 동치미의 염분을 낮출 수 있었다.	
조기까스	반찬	생선을 조림 대신 찜을 사용하여 소금 사용량을 낮추었으며 와인과 양파, 마늘 오일을 소스에 첨가하여 고추장 사용량을 줄이면서 풍미를 높일 수 있었다.	
돼지머리수육맑은전골	일품	청양고추의 매운맛과 통후추의 매운맛을 곁들여주는 방식으로 나트륨을 줄여주면서 개운하고 시원한 국물을 만들어 주었다.	
파인애플볶음밥	밥	파인애플에 레몬소금을 살짝 뿌려서 단맛을 향상시키고 더욱 쫀득하게 만들어준다.
과일을 이용해 만든 맛간장을 마지막에 살짝 첨가해주면서 풍미를 더해주는 요리법으로 나트륨을 줄였다.	
연근초무침	반찬	잣의 고소함과 유자청의 상큼한 맛이 소스에 상큼한 맛을 주었고, 연근과 밤을 이용해 식감을 살려주어 추가 간을 하지 않아도 자연의 맛을 느낄 수 있는 조리법이다	
코다리맑은찜	반찬	소스를 만들 때 레몬즙을 이용해 상큼한 맛이 짠맛을 대체하여 간장을 조금만 사용해도
깊은 맛을 내는 효과로 나트륨을 줄였다.	
뿌리채소두부선	반찬	땅콩잼과 참깨를 이용해 소스에 고소한 맛을 더해 된장의 나트륨을 줄여주었고, 나트륨 배출에 도움을 주는 뿌리채소를 이용해 각각의 향을 주어 담백한 두부의 풍미를 살렸다.	
사과장아찌	반찬	장아찌를 만들 때 소스를 생강청, 매실청 등을 넣어 특유의 단맛으로 짠맛을 대체하였다.	
해물들깨탕	국&찌개	들깨의 구수한 맛과 염도를 낮춘 간장으로 국물을 우려내 짠맛을 내지 않아도 깊은 맛을 냈다.	
참외깍두기	반찬	염도를 낮춘 간장을 사용하여 참외와 양파를 절여 염도가 낮은 김치를 만들었다.	
새콤한연어샐러드	반찬	감식초와 유자청으로 상큼한 맛을 주었고, 말린 토마토를 이용해 씹는 맛이 짠맛을 대체하였다.	
논우렁순무섞박지	반찬	플레인요구르트로 고춧가루의 염도를 줄여주었고, 생강청의 톡 쏘는 맛이 짠맛을 대체하였다.	
코다리맑은탕	국&찌개	맑은 국물에 소금간을 많이 하지 않고 염도를 낮춘 간장으로 감칠맛을 내주었다.
무와 감자를 이용해 부드럽게 씹는 맛이 짠맛을 대체하였다.	
세가지샐러드	반찬	마, 흑임자 등을 섞어서 만든 소스는 나트륨 함량을 낮춰주어요.	
애호박들깨볶음	반찬	건새우와 들깨가루를 넣어 감칠맛과 고소한 맛을 더했어요.	
고구마바나나샐러드	반찬	고구마와 바나나를 섞어 연유를 넣어 만들면 나트륨을 넣지 않아도 맛이 좋은 샐러드를 만들 수 있어요.	
누룽지새우튀김	반찬	과일소스를 사용하여 새콤달콤한 맛을 더했어요.	
백김치주꾸미샐러드	반찬	백김치 자체에 간이 있어 소금을 넣지 않고도 맛이 좋은 샐러드를 완성할 수 있어요.	
닭고기월남쌈	반찬	라이스 페이퍼를 이용하여 채소와 닭고기살의 맛을 함께 느낄 수 있어 소금간 없이 맛을 냈어요	
양배추롤	반찬	요구르트와 머스터드를 이용하여 소스를 만들었기 때문에 별도의 소금 없이도 맛을 느낄 수 있고, 양배추와 함께 어울려 먹기 좋아요	
단호박소고기롤	반찬	단호박을 이용한 전병에 사과와 버섯, 다양한 채소를 넣어 롤을 만들기 때문에 나트륨 사용이 적어도 좋은 맛을 느낄 수 있어요	
생선카레튀김	반찬	소스에 마요네즈와 요구르트를 섞어 만들기 때문에 튀김의 느끼한 맛을 잡아주고, 튀김옷에 카레가루와 콩가루를 넣어 별도의 소금간이 없어도
맛있는 생선튀김을 즐길 수 있어요.	
삼겹가지볶음	반찬	고추장 대신 고춧가루와 갖가지 양념을 넣고 양념장을 만들어 나트륨 함량을 줄였어요.	
주꾸미샐러드	반찬	배즙과 무즙을 이용한 샐러드 소스는 시원한 맛을 내어 짠 맛을 대체하였어요.	
닭가슴살현미스테이크	반찬	닭가슴살을 카레가루로 숙성을 시키면 별도의 양념이 없어도 간이 잘 스며들어 나트륨 함량을 줄 일 수 있어요.	
삼겹선	반찬	다양한 채소와 조밥을 삼겹살에 함께 넣어 말아 만든 삼겹선은 단백하고 먹기 편하며, 새콤달콤한 소스가 어우러져 나트륨 사용량을 줄였어요.	
미니버섯탕수	반찬	고기를 사용하지 않고, 버섯을 이용한 탕수육은 소화가 잘 되고, 짠맛이 적어 나트륨 함량을 줄 일 수 있어요.	
연어오븐구이	일품	연어를 레몬으로 마리네이드 하면 연어의 비릿한 맛을 감소시키고 소금 사용을 줄일 수 있어요.	
옥음밥	밥	식이섬유가 풍부한 옥수수에 갖은 야채를 넣어 나트륨 배출에 도움을 줘요.	
와사비 연어초밥	밥	초밥에 당근과 표고를 다져 넣어 향과 맛을 더해 소금 사용을 줄일 수 있어요.	
원소병	후식	5가지 맛을 내는 오미자가 들어가 소금 없이 요리를 할 수 있어요.	
음메꼬꼬돌돌	반찬	나트륨이 적은 저염간장에 설탕과 식초를 넣어 나트륨을 더 감소시킬 수 있었어요.	
전복리조또	밥	천연 미네랄이 가득한 전복을 사용하면, 소금을 적게 넣어도 싱겁지 않아요.	
참깨흑임 자연두부샐러드	반찬	마요네즈에 우유를 섞으면 나트륨 함량을 줄일 수 있어요. 우유를 넣을 때에는 조금씩 저어가면서 넣어야 마요네즈가 분리되지
않아요.	
초계탕	국&찌개	닭 육수에 겨자를 넣어 섞으면, 닭 비린맛을 제거하고 매콤한 맛과 향으로 소금 사용도 줄일 수 있어요.	
콩나물부추볶음	반찬	부추의 향 때문에 소금 간을 많이 하지 않아도 맛있어요.	
콩비지포카치아 샌드위치	일품	무장아찌를 이용하여 비지소스를 만들어서 별도의 소금 간을 하지 않고도 나트륨을 줄일 수 있어요.	
파프리카더덕소고기깻잎롤	반찬	더덕의 향과 파인애플의 단맛이 어우러져 소금을 조금만 사용해도 맛을 낼 수 있어요.	
해물아란치니	반찬	새우와 오징어를 넣어 감칠맛이 좋고 소금을 사용하지 않는 볶음밥을 만들 수 있어요.	
호박잎삼계	반찬	천천히 익히는 조리법으로 재료의 맛이 충분히 우러나 간을 조금만 해도 맛있는 요리를 만들 수 있어요.	
노른자크림 육회샐러드	반찬	크림치즈를 사용하여 나트륨 함량을 줄였어요	
닭고기 완자삼계죽	일품	완자에서 우러나오는 맛으로 짠맛을 대체하여 나트륨을 줄일 수 있어요.	
대하마늘볶음밥	밥	•새우는 생강과 함께 쪄서 비린내를 잡고, 새우 본연의 감칠맛으로 저염간장 사용량을 줄였어요.	
두부 카프리제	반찬	발사믹소스와 파마산치즈를 이용해서 소금 사용을 줄일 수 있어요.	
미역볶음밥	밥	미역과 해산물로 짭짤한 맛을 내 소금을 적게 사용하고, 들깻가루를 넣어
고소한 맛을 더했다.	
청국장볶음밥	밥	나트륨 함량이 적은 생청국장을 사용해 간을 맞추고
칼륨을 다량 함유한 뿌리채소와 향미채소를 사용해
향과 맛을 살리면서 나트륨 배출 효과를 높였다	
해물볶음밥	밥	밥에 간을 따로 하지 않아 나트륨 함량을 줄이고 해산물 본연의 맛을 살렸다.
양념장을 따로 만들어 조금씩 비벼 먹으면 나트륨 섭취를 줄일 수 있다.	
토마토카레 채소볶음밥	밥	카레가루를 넣어 향미를 높이고 나트륨 함량을 낮추는 동시에
토마토를 넣어 상큼한 맛을 살리고 나트륨 배출을 도왔다.	
구운주먹밥	밥	조미김 대신 생김을 사용해 염분 섭취를 줄였다.	
깐풍주먹밥	밥	소금 대신 새콤한 소스로 맛을 내어 나트륨 섭취를 줄였다	
닭봉주먹밥	밥	소스에 염분이 높은 간장 대신 고소한 참깨와 상큼한 레몬즙,
달콤한 꿀을 넣어 상큼하고 달콤한 맛으로 짠맛을 대체했다.	
봄주먹밥	밥	주먹밥에 소스를 넣지 않고 찍어 먹을 수 있도록 하여 나트륨 섭취를 줄일 수 있다.
또한 강된장에 두부를 넣어 나트륨 함량을 줄였다.	
깻잎장아찌롤	밥	소금간 대신 산뜻한 피클을 다져 넣은 소스를 사용해 나트륨 섭취를 줄였다.	
참치비빔밥롤	밥	토마토소스와 사과드레싱으로 맛을 내 소금간을 줄이고 나트륨 함량을 낮췄다.	
새싹참치김밥	밥	보통 김밥에 들어가는 햄이나 어묵 등을 대신해
새싹채소와 파프리카 등 채소를 속재료로 사용해 나트륨 함량을 낮췄다.
또한 파인애플로 달콤한 맛을 내 나트륨 섭취를 줄였다.	
연어주먹밥튀김	밥	연어를 식초물에 데쳐 염분을 최대한 제거해 나트륨 섭취량을 줄였다	
오징어불고기김밥	밥	저염고추장과 매실청을 사용한 소스로 달콤한 맛을 내 나트륨 함량을 줄였다	
닭가슴살청포묵비빔밥	밥	닭가슴살은 삶아 염분을 제거하고, 청포묵에도 따로 간을 하지 않고
저염간장으로 만든 소스를 곁들여 나트륨 섭취를 줄였다	
족발수육	반찬	백김치를 물에 헹궈 양념을 제거하여 짠맛을 줄였다.	
함초떡갈비	반찬	소금 대신 자연식품인 함초를 사용하여 함초 특유의 맛과 향미로 짠맛을 대체하였다.	
삼색소면	일품	다시마와 모시조개를 이용하여 천연육수를 만들어 감칠맛을 높였다.	
돼지수육맑은전골	국&찌개	국물을 내는 육수는 천연재료를, 곁들이장은 어간장을 사용하여 일반간장, 소금을 대체하여 나트륨 함량을 줄였다.	
채소비빔밥	밥	두부볶음에 특유의 향과 맛을 내는 함초, 깻잎, 양파, 계란을 넣어 추가장을 하지 않고 맛있는 맛을 낸다.	
열무김치파스타	일품	특별한 간을 하지 않고 청양고추의 매운 맛과 열무김치의 시큼하고 시원한 맛으로 짠맛을 대체하였다.	
해초갈비찜	반찬	기존 갈비찜은 만들 때 양념장과 생고기를 같이 넣어 간을 속까지 넣어주는데, 미리 생고기와 생강청을 넣고 익혀
고기의 맛을 좋게 하고 양념장의 간을 적게 한다.	
버섯곤드레밥	밥	양념장을 만들때 된장의 양을 줄이기 위해 두부를 사용해서 고소함을 더해주었고,
버섯을 이용해 씹는 맛을 살려 식감과 맛을 높여주었다.	
바다향이 풍부한 전복죽	밥	참기름을 이용해 내장을 볶아 고소한 맛을 충분히 내주었고, 미역과 당근으로 씹는 맛을 주어
짜지 않으면서 식감과 풍미를 높여주었다.	
주꾸미연포탕	국&찌개	주꾸미와 무, 호박을 이용해 국물의 시원함을 살리고, 청양고추의 매콤한 맛으로 나트륨을 줄여주었다.	
함초소고기말이	반찬	소고기의 잡냄새를 마늘기름으로 잡아주어 기본 간을 해주지 않아도 잡냄새를 잡을 수 있다.
또 함초의 씹는 맛과 짭짤한 맛이 짠맛을 대체하였다.	
묵계밥	밥	천연 재료로 만든 버섯마늘소금으로 구수하고 맛있는 국물을 내서 나트륨을 줄일 수 있고,
집에서 만든 맛간장을 이용해 감칠맛을 높여서 나트륨을 줄였다.	
근채류주먹밥	밥	향이 있는 우엉과 맛간장을 사용해 맛을 냈고 다양한 채소를 이용해 씹는 맛으로 짠맛을 대체하였다.	
단호박약식	밥	단호박을 이용해 단맛을 높이고 일반 간장 대신 맛간장과 계피가루를 넣어 짜지 않게 약식을 만들었다.	
달콤스테이크	반찬	레드와인과 망고를 이용해 새콤달콤한 소스를 만들어 소스의 짠맛을 대체하였다.	
삼색샌드위치	일품	여러 가지 채소와 감자를 곁들여 나트륨을 적게 사용해도 좋은 맛을 충분히 느낄 수 있어요.	
황태탕수육	반찬	고기가 아닌 황태를 이용하여 탕수육을 만들기 때문에 나트륨을 감소시킬 수 있어요.	
밥핫도그	밥	밀가루 반죽대신 감자, 밥, 파프리카을 이용하여 나트륨은 줄이고, 어린이들의 영양 간식으로도 좋아요.	
스테이크카나페	반찬	새콤달콤한 소스는 나트륨 사용을 줄이고 맛의 풍미를 높여줘요.	
꽃밥	밥	밥 대신 고구마와 두부를 사용하여 만든 음식으로 단백질을 높였고, 견과류를 다져 사용하여 나트륨을 감소시켰어요.	
버섯만두찜	반찬	우유와 버섯, 새우를 넣은 버섯만두찜은 칼슘과 단백질이 풍부하여, 나트륨 함량을 줄여 줄 수 있었어요.	
떡갈비주먹밥	밥	밥과 떡을 넣어 만든 떡갈비는 나트륨함량을 줄여주고, 씹을 때 쫄깃한 식감이 맛을 더욱 좋게 하도록 만들었어요.	
홍합죽	밥	건 새우에 들어있는 천연 간으로 조미하여 풍미는 살리고 나트륨은 줄였어요.	
샐러드돈가스	반찬	양상추 샐러드와 토마토 등 채소 섭취로 인해 나트륨 배출에 도움이 되요.	
조개크림파스타	일품	조개로 삶은 물을 걸러 육수로 사용하게 되면 별도의 소금간이 필요 없어요.	
닭날개튀김	반찬	카레를 입힌 닭봉은 닭의 비릿한 맛도 없애고, 닭에 별도의 소금을 넣지 않아도 맛이 좋기 때문에 나트륨 감소가 될 수 있었어요.	
해산물리조또	밥	해산물의 감칠맛과 보리의 고소한 맛이 어우러져 풍미를 더해줘요.	
떡완자조림	반찬	고기와 떡을 넣어 만든 완자 조림은 쫄깃한 식감을 주고, 채소를 풍성하게 먹을 수 있어 나트륨 감소를 시킬 수 있었어요.	
닭고기채소스파게티	일품	야채와 토마토를 가득 넣어 만든 스파게티는 염분을 줄여주고 식감은 살려줘요.	
계만두	반찬	나트륨 함량이 높은 된장 대신 빠금장과 우유를 사용한 소스를 곁들여 나트륨 섭취량을 줄였다.	
삼계선	반찬	재료에 소금간을 하지 않고 블루베리잼으로 만든 소스를 곁들여 나트륨 함량을 줄였다.
또한 블루베리에는 칼륨이 많아 체내 나트륨 배출을 돕는다.	
쇠고기표고찜	반찬	새콤달콤한 소스와 피클을 곁들여 식욕을 돋우고,
소금간을 따로 하지 않아 나트륨 섭취를 줄였다.	
떡갈비찜	반찬	칼륨이 풍부한 가지를 사용해 몸속 나트륨 배출을 촉진했다.
또한 소금간을 적게 하면서 유자소스로 새콤한 맛을 더해 나트륨 섭취량을 줄였다.	
해산물두부샌드	반찬	담백한 두부에 완두콩드레싱으로 달콤하고 부드러운 맛을 내
소금간을 줄여 나트륨 섭취를 줄였다.	
단호박제육볶음	반찬	돼지고기를 한 번 데친 후 양념에 재워 나트륨 함량을 낮추고
육수를 넣고 소금간을 줄여 나트륨 섭취를 줄였다.	
버섯콩불고기	반찬	육류에 비해 나트륨 함량이 적은 콩고기를 사용하고, 저염간장과 매실액,
배즙으로 맛을 낸 소스로 나트륨 섭취량을 줄였다.	
차돌박이볶음	반찬	저염간장을 사용해 나트륨 섭취를 줄이고,
해초를 물에 충분히 담가둬 염분이 제거되도록 한다.	
토마토오리볶음	반찬	•고추장을 적게 사용하고 토마토를 사용한 소스를 곁들여 나트륨 함량을 낮췄어요.
•토마토, 풋고추, 양파로 맛을 내 나트륨 함량을 줄였어요.	
토마토두루치기	반찬	고추장의 양을 절반 이상 줄이고 토마토와 비트를 사용해 맛을 내 나트륨 섭취를 줄였다.
또한 파프리카와 피망은 칼륨 함량이 높아 나트륨 배출을 돕는다.	
검은콩피시볼조림	반찬	간장과 가다랑어포로 만든 조림장은 감칠맛이 좋아 적은 양을 사용하더라도 맛이 난다.
또한 검은콩은 칼륨 함량이 높아 나트륨 배출에도 좋다.	
대하조림	반찬	손질한 대하를 물에 담가 나트륨이 빠져 나오게 해 나트륨 함량을 줄였다	
묵은지가지말이	반찬	씻은 김치에 배어있는 간에 레몬과 레드와인을 넣어 상큼함과
깊은 풍미를 더해 따로 소금간을 하지 않아 나트륨 섭취를 줄였다	
함초타락죽	밥	함초 자체의 짠맛으로 간을 해 소금 등 염분 제품 사용을 줄였고, 파마산치즈의 짠맛과 고소한 맛으로 풍미를 더해 주었다.	
황태두부무국	국&찌개	황태 자체의 맛이 소금을 사용하지 않아도 음식에 맛과 풍미를 준다.
황태 국물을 이용해 감칠맛을 높이고 국간장 보다 염도가 낮은 어간장을 사용해 나트륨 함량을 줄였다.	
삼합잡채	반찬	시원한 맛을 내주는 미나리를 통해 맛과 향을 주어서 해산물의 비린 맛을 잡아준다.
마늘기름을 이용해 향과 풍미를 높이며 맛간장을 사용하여 짜지 않은 잡채를 만들었다.	
고등어카레탕수	반찬	탕수 소스를 우유와 카레가루, 과일을 사용하여 구수하고 담백한 맛으로 짠맛을 대체하였다.	
효도강정	후식	견과와 올리고당을 이용해 고소하고 맛있는 강정을 만들 수 있으며 설탕 사용을 줄일 수 있다.	
비트양파김치	반찬	비트와 식초를 이용해 절임물을 만들어 짜지 않은 새콤달콤한 김치를 만들었다.	
관자브로콜리스프	일품	파마산가루와 마늘칩 버터 사용을 통해 소금 첨가 없이 짜지 않은 스프를 만들 수 있었다.	
곤약잡채	반찬	•곤약과 버섯을 이용해 식감을 높이고 소스에 맛간장과 다진마늘, 다진대파를 넣어 나트륨 함량을 낮췄어요.	
미역 닭가슴살전	반찬	나트륨을 줄인 간장에 고추냉이를 넣어서 만든 소스는 미역의 풍부한 맛을 살려주고, 부족한 맛을 잡아주어 나트륨 함량을 낮췄으며 두부를 섞어 고소함을 더해주었다.	
두가지묵샐러드	반찬	당귀잎을 통해 밋밋한 묵의 풍미를 도와주는 효과를 주었으며 나트륨을 줄인 저염간장에
다량의 과일을 넣어 새콤한 맛을 높여 짠맛을 대체하였다.	
블루베리양갱	후식	블루베리의 상큼함으로 나트륨 섭취를 줄였다.	
장어찜	반찬	곁들이 채소를 향이 있는 것을 선택해서 간장이 많이 들어간 장어소스 없이도 맛있게 장어를 먹을 수 있다.	
두부까나페	반찬	마요네즈에 갖가지 야채를 버무린 소스를 사용하여 나트륨 섭취를 줄였고, 로즈마리의 향기로 느끼한 두부구이의 맛을 잡아주었다.	
두부청국장죽	밥	죽에 청국장가루를 사용해서 구수한 맛이 짠맛을 대체하고 두부, 소고기, 채소를 넣어 씹는 맛과 음식의 색감으로 맛을 높여주었다.	
망고샐러드	반찬	쫄깃한 증편을 사용해 식감을 높이고, 망고와 유자청 등을 이용해 짜지 않은 샐러드 소스를 사용하여 짠맛을 대체하였다.	
토마토젤리	후식	아이들이 좋아하는 젤리를 직접 만들어 당과 나트륨 함량을 줄였어요.	
샌드스테이크	반찬	카레의 특유향과 갖가지 채소가 짠맛을 대체하면서 식욕을 자극해요.	
맥적구이	반찬	된장에 마요네즈와 생크림을 넣어 만든 맥적 소스는 된장의 짠맛을 감소시켜 나트륨 함량을 낮출 수 있었어요.	
채소어묵	반찬	흰살 생선은 담백한 맛과 튀김의 고소한 맛이 더해져 간을 하지 않아도 풍미가 있어요	
주꾸미보리죽	밥	주꾸미와 보리쌀을 넣어 씹히는 질감이 있으며, 갖가지 채소와 어우러져 맛이 좋고, 저염치즈를 넣으므로 별도의 소금을 넣지 않아도
나트륨 함량을 줄일 수 있다.	
오렌지삼겹찜	반찬	로즈마리와 함께 숙성시킨 삼겹살에 오렌지와 와사비를 곁들여 만든 소스가 어우러져 별도의 소금 없이도 맛을 느낄 수 있어요.	
소고기볼게살타르	반찬	갖가지 채소를 넣은 소고기 볼에 고소하고 달콤한 소스를 곁들여 소금을 사용하지 않아도 맛있어요.	
수삼떡갈비	반찬	수삼의 향으로 나트륨 섭취를 줄였어요	
삼색딤섬	반찬	천연색소가루로 만든 삼색 만두는 식감을 자극하며, 오징어의 짠맛을 이용하여 추가 간을 하지 않아도 맛이 있다.	
밥크로켓	밥	갖가지 채소와 메추리알이 어우러져 별도의 소금간을 하지 않아도 맛이 좋아요	
가지토마토구이	반찬	모짜렐라치즈를 사용하여 만든 음식은 맛이 담백하고, 나트륨 사용을 적게 할 수 있어 좋아요.	
함박스테이크	반찬	•깻잎의 향으로 고기의 누린내를 잡았어요. 
•고추, 와인, 토마토를 활용한 저염소스를 만들어 나트륨 함량을 낮췄어요.	
냉파스타	일품	새콤달콤한 육수에 양념된 소고기구이가 어우러져 나트륨 함량을 낮출 수 있어요	
과일겉절이	반찬	과일과 절묘하게 어울리는 볶은 마늘 양념장은 나트륨 함량을 낮춰줘요	
버섯탕수	반찬	갖가지 버섯향과 키위의 새콤달콤함이 어우러져 소스의 나트륨 함량을 낮췄어요.	
아보카도 연어샐러드	반찬	사워크림에 양파를 넣고 만든 소스는 훈제 연어의 나트륨을 줄일 수 있어요.	
오렌지마리네이드 돼지고기	일품	머스터드에 꿀을 섞어서 나트륨을 줄인 소스를 만들 수 있어요.	
인삼갈비탕	국&찌개	표고버섯, 양파, 마늘, 인삼을 넣고 끓인 육수에 갈비를 넣고 갈비탕을 만들면 천연의 맛을 느낄 수 있고, 나트륨 배출을 도와줘요.	
체리젤리를 곁들인 고구마무스	후식	다양한 견과류와 라즈베리를 사용해서 만들기 때문에 후식으로 즐길 수 있어요	
카레닭 룰라이드	일품	카레가루를 묻히기 때문에 닭살에는 아주 적은 소금으로 밑간을 할 수 있어요	
세 가지곡물콩라미수	후식	버터와 콩을 함께 사용해서 나트륨 함량도 줄일 수 있고, 바나나는 몸 속의 나트륨 배출을 도와줘요.	
크림치즈 망고무스	후식	요거트를 사용해서 나트륨을 줄이고, 애플민트향이 망고무스를 더욱 돋보이게 해요.	
토마토주스를곁들인컵토마토	반찬	토마토는 나트륨을 배출을 도와주고, 고혈압 예방에도 도움을 줘요.	
해산물 훈제연어롤	반찬	나트륨 성분이 많은 주꾸미를 끓는 물에 데쳐 나트륨을 줄여주고, 상큼한 소스로 맛을 더했어요.	
인절미 무스와 수정과 아이스크림	후식	인절미를 만들 때 콩가루를 섞어 소금을 넣지 않아도 맛있게 만들 수 있어요.	
감닭떡갈비	반찬	갈아 놓은 감자와 양념된 닭살을 섞어 소금 간을 조금만 해도 맛을 낼 수 있어요.	
겨자아욱쌈밥	밥	소량의 된장을 사용하여 삼삼한 맛 뿐만 아니라 쌈밥에 어울리는 된장소스를 만들 수 있어요.	
다마고도후	반찬	다시마와 매생이를 천연조미료로 사용하여 나트륨 사용을 줄일 수 있어요.	
단호박생채	반찬	다시마와 건새우 육수가 천연조미료 역할을 해요.	
닭가슴살 스테이크	일품	치즈를 사용하여 별도의 소금 사용 없이 삼삼한 맛을 낼 수 있어요.	
마늘드레싱을 곁들인 키위샐러드	반찬	마늘드레싱은 기존의 나트륨 함량이 높은 샐러드 드레싱을 대신하여 사용하면 나트륨을 줄일 수 있을 뿐만 아니라 식전 애피타이저로 활용해도 좋아요.	
깻잎향을 입힌 관자 샐러드	반찬	• 샐러드드레싱에 소금 대신 석류 원액과 깻잎을 사용해 새콤달콤한 맛과 향을 더하고 소금 사용량을 줄였어요.	
건강그린 샐러드와 고소한 두유드레싱	반찬	콩에 함유된 이소플라본은 여성호르몬인 에스트로겐과 유사한 역할을 하여 골다공증과 유방암을 예방하는 효과가 있어요. 콩에 풍부한 칼슘과 마그네슘은 나트륨을 효과적으로 배출하도록 도와주므로 콩이나 두유의 섭취를 늘려보세요.	
케일 오미자 샐러드	반찬	일반적인 샐러드드레싱에는 마요네즈나 기타 나트륨이 다량 함유된 제품들이 많이 있지만 오미자의 새콤달콤함을 활용하여 만든 드레싱은 소금을 첨가하지 않아도 감칠맛을 낼 수 있어요. 케일에는 섬유소가 많아 혈중 콜레스테롤을 감소시키고 동맥경화 예방에 도움이 되요.	
꼬막 달래 된장 무침	반찬	고유의 향을 가진 깨와, 참기름, 사과즙 등을 활용하여 된장의 양을 줄이고 다양한 채소를 곁들여 비타민과 무기질 공급에 도움을 주고 나트륨 배출을 돕는다.	
베이컨 가지 말이	반찬	베이컨은 끓는 물에 데쳐 염분을 제거하고 칼륨이 다량 함유된 가지와 함께 섭취하도록 하여 나트륨 배출에 도움을 준다. 소스에 와사비, 식초, 올리고당을 넣어 매운맛과 새콤달콤한 맛을 준다.	
청국장소스 연어 스테이크	일품	연어에 함유된 오메가3지방산은 동맥경화와 심장병을 예방하는 효과가 있다. 소스에는 청국장가루와 검정깨를 사용해 고소한 향과 풍미를 더한다.	
두부곤약조림	반찬	저염간장을 사용해 나트륨을 줄이면서 유자청으로 간을 맞췄다.
가지와 애호박은 칼륨을 많이 함유하고 있어 나트륨 배출을 돕는다.
또한 곤약과 달걀옷을 입힌 두부에는 양념이 적게 스며들어 나트륨 섭취를 줄였다.	
아귀나가사키조림	반찬	해물육수를 사용해 감칠맛을 내고,
해산물을 한 번 데쳐 염분을 제거한 후 조리해 염도를 낮췄다.	
카레가자미조림	반찬	카레의 양을 줄여 나트륨 섭취를 줄이는 대신 코코넛 밀크와 생크림으로 부드러운 맛을 더했다	
타콤소스닭조림	반찬	소스를 만들 때 닭육수를 사용해 소금을 사용하지 않아도
깊은 맛을 내 나트륨 섭취량을 줄였다.	
토마토콩조림	반찬	소금이나 토마토 페이스트를 쓰지 않아 나트륨 함량을 줄였다.
또한 토마토와 콩, 양송이버섯은 칼륨 함량이 풍부해 나트륨 배출에 도움이 된다	
관자해장국	국&찌개	칼륨을 많이 함유한 토마토를 이용한 소스로 간을 해 나트륨 배출을 돕는다.	
견과류들깨해장탕	국&찌개	된장으로 간을 하는 기본 탕과는 달리 들깻가루를 사용해
나트륨 함량을 줄이면서 고소한 맛을 더했다.	
뿌리채소들깨수제비	국&찌개	미역과 감자, 연근은 칼륨을 많이 함유하고 있어 나트륨 배출을 돕는다.
또한 들깻가루로 고소한 맛을 내 나트륨 섭취를 줄였다	
대구지리탕	국&찌개	칼륨이 풍부한 쑥을 넣어 나트륨 배출을 돕는다.	
양지해장국	국&찌개	저염간장으로 간을 해 염분을 줄이고 콩나물로 시원한 맛을 내고, 쇠고기육수로 깊은 맛을 더했다.
칼륨을 많이 함유한 토마토는 체내 나트륨 배출을 돕는다.	
토마토돼지고기해장국	국&찌개	토마토에는 100g당 270㎎의 칼륨이 들어있어 나트륨 배출을 돕는다.
청양고추와 다진 마늘을 넣어 칼칼한 맛을 더해 소금간을 줄일 수 있다.	
효종갱	국&찌개	저염간장으로 간을 해 염도를 낮춘 대신 쇠고기와 전복으로 깊은 맛을 더했다	
해물토마토김치찌개	국&찌개	해산물로 시원한 맛을 내고 따로 간을 하지 않아 나트륨 섭취를 줄였다	
버섯 두유 소스 볶음	반찬	두유와 생크림으로 고소한 맛을 내어 짠맛을 대신해 줘요. 두유는 식사대용으로 먹을 정도로 영양이 우수하며, 두유를 소스에 사용하면 생크림 사용량을 줄일 수 있어 지방섭취를 줄일 수 있어요. 두유 200ml에 125kcal의
열량이 있으므로 당뇨 환자의 경우 한잔 정도가 적당해요	
백일송이버섯 볶음	반찬	파프리카에 함유된 칼륨, 철분, 구리, 아연 성분은 체내 나트륨 수치를 낮추는 효과가 있으며, 백일송이버섯은 나트륨 함량이 높은 생선이나 육류 요리와 함께 섭취하면 나트륨 섭취를 줄일 수 있어요.	
땅콩소스 버섯가지나물	반찬	•땅콩과 저염간장으로 만든 소스로 나트륨 섭취를 줄이고 짠맛을 고소한 맛으로 대체했어요.	
유자향의 곤약 냉채	반찬	유자는 레몬의 3배가 넘는 비타민 C를 함유하고 있어 기관지 천식, 기침, 피부미용, 스트레스 해소에 좋아요.
유자소스의 새콤달콤한 맛으로 소금간을 대신하여 나트륨 함량을 줄일 수 있어요.	
새우단배추된장국	국&찌개	된장에 콩가루와 표고버섯가루를 섞어 염분을 줄이고
마른 새우로 감칠맛을 더해 나트륨 섭취량을 줄였다.	
검은콩보리된장찌개	국&찌개	쪄낸 보리쌀을 된장에 묵혀 된장 사용량을 줄여 나트륨 섭취량을 줄였다.
또한 검은콩을 갈아 넣어 나트륨 배출 효과를 높였다.	
단호박배추된장국	국&찌개	•된장을 적게 사용하여 나트륨 섭취를 줄이고 으깬 단호박으로 맛을 냈어요.
•단호박은 칼륨 함유량이 높아 나트륨 배출을 도와줘요.	
된장냉국	국&찌개	저염된장을 사용해 나트륨을 적게 섭취할 수 있다.
콩가루와 식초로 고소함과 새콤달콤한 맛을 더했다.	
들깨된장육개장	국&찌개	얼갈이배추에는 칼륨이 많이 들어있어 나트륨 배출을 돕는다.
된장과 들깨로 간을 해 육개장의 자극적인 맛을 줄이고 고소하고 담백한 맛을 냈다.	
삼색묵냉국	국&찌개	된장은 쪄서 사용하면 염도가 낮아지기 때문에 미소된장을 사용하기 전에
김 오른 찜기에 한 번 쪄 사용해 나트륨 섭취를 줄였다	
샤브된장국	국&찌개	저염된장을 사용해 나트륨 섭취량을 줄이고
닭육수를 사용하고 따로 간을 하지 않아 나트륨 섭취를 줄였다	
완자된장국	국&찌개	된장을 적게 사용하는 대신 콩가루를 넣어 구수한 맛을 더해 나트륨 섭취량을 줄였다	
산나물된장찌개	국&찌개	소금간을 전혀 하지 않고 콩가루와 표고버섯을 섞은
된장을 만들어 사용해 나트륨 섭취량을 줄였다	
토마토요구르트된장국	국&찌개	된장양념에 된장 대신 콩가루와 요구르트를 넣어 콩가루의 구수한 맛과 요구르트의
시큼한 맛으로 짠맛을 보강하였고, 천연조미료인 들깻가루를 넣어 나트륨 섭취를 줄였다	
굴림만두된장국	국&찌개	재래식 된장과 간장 대신 저염된장과 저염간장을 사용해 나트륨 섭취를 줄였	
해물순두부된장찌개	국&찌개	순두부찌개를 고추장 양념으로 끓이는 대신 저염된장을 넣어 나트륨 함량을 줄였다.	
곤약함박스테이크	일품	간장과 유자청으로 만든 소스를 곁들여 단맛을 더해 나트륨 섭취량을 줄였다.	
청국장 두부 검은깨 냉스프	일품	스프에 소금 대신 청국장 가루를 넣어 나트륨 함량을 줄였어요. 청국장에 풍부한 바실러스균은 다른 유해한 세균을 제거하고 혈전을 용해하는 능력이 있어 암예방과 동맥경화 예방에 효과가 있어요.	
호박 고구마 스프	일품	단호박은 애호박에 비해 칼륨 함량이 2배 정도 많으며, 고구마 역시 칼륨 함량이 높아 나트륨 배설을 도와줘요.
지방의 섭취를 줄여야 하는 경우 우유 대신 저지방 우유를 사용해 보세요. 체 대신 믹서기를 이용할 때는 우유와 고구마, 단호박을 같이 넣으면 잘 갈려요.	
시금치 리조또	밥	시금치에 풍부하게 함유된 식물성 섬유질은 장의 운동을 활발하게 하는 역할을 해 변비에 효과적이다. 무염버터를 사용하면 버터에 비하여 나트륨 함량을 줄일 수 있으며, 칼륨 함량이 높은 마와 시금치를 활용하여 나트륨 배출에 도움을 준다.	
북어비빔밥	밥	북어 고유의 짠 맛을 활용하여 소금을 사용하지 않고 맛을 내 나트륨의 섭취를 줄였으며, 재료 고유의 향이 강한 표고버섯과 고사리, 들기름 등을 사용한다.	
무 현미밥	밥	무에 함유된 섬유소는 체내 노폐물을 제거하는 역할을 한다. 표고버섯과 무, 참기름을 넣어 다양한 향과 맛을 부여한다.	
컵밥	밥	베이컨과 소시지는 데치고, 김치는 물에 헹구어 염분을 제거하고 칼륨이 많은 시금치를 사용하여 나트륨 배출을 돕는다.	
두릅 샐러드	기타	소금 대신 치즈를 사용하여 짠 맛과 치즈 고유의 풍미를 더하고 레몬과 와인을 이용하여 새콤달콤한 소스를 곁들인다.
소스에 버무려 제공하기 보다는 찍어서 먹도록 하면 나트륨 섭취량을 줄일 수 있다.	
구운 바나나	후식	바나나에 함유된 칼륨은 나트륨 배출에 도움을 주며, 비타민 A가 풍부해 항산화작용에 탁월하다.	
과일무스 테린	후식	망고에는 비타민 A가 다량 함유되어 항산화작용을 돕는다. 과일의 새콤달콤한 맛을 강조하였다.	
가지볶음밥	밥	저염된장을 사용해 염도를 낮추고, 칼륨 함량이 높은 가지와 단호박을 사용해
체내 나트륨 배출을 돕는다.	
닭고기볶음밥	밥	강황가루 특유의 향을 통해 소금과 기름의 양을 줄여
나트륨 함량을 낮췄다.	
토마토라면	일품	라면스프의 양을 ¼로 줄여 나트륨 섭취량을 낮추고,
대신 토마토와 청양고추를 넣어 상큼함과 칼칼함을 더했다.	
토마토샐러드라면	일품	저염간장을 사용해 나트륨 섭취를 줄이고 식초와 레몬 등 상큼한 맛을 보강하여 간을 맞췄다	
검은깨라면크로켓	후식	라면을 미리 끓는 물에 한 번 데쳐 염분을 줄였다	
김말이두부스테이크	반찬	두부의 속을 레드와인과 발사믹식초를 이용해 간을 하여 나트륨을 줄여주고 두부의 냄새도 잡아주었다.	
연어롤샐러드	반찬	시금치와 영양부추 등 다양한 채소를 이용해 소금을 사용하지 않고 맛을 유지시켜주었으며
잣 소스의 고소함으로 맛과 영양분을 향상시켰다.	
비타민이유식	일품	소금을 사용하지 않고 멜론과 요거트의 상큼한 맛으로 특유의 깊은 맛을 낼 수가 있다.	
한입꼬치구이	반찬	일반 간장과 달리 어간장은 멸치, 젓갈 등 발효 중 감칠맛 성분이 많아 염도를 낮추면서 풍미를 높여준다.	
간장곤약볶음국수	일품	볶음양념의 다진생강과 양파 특유의 맛으로 짠맛을 대체하였고, 구수한 맛의 흑임자와 요거트, 꿀의 단맛으로
풍미를 높였다.	
닭가슴살리조또	밥	표고버섯 불린 물이나 자투리 채소를 이용해 채소국물을 만들어 깊은 맛을 내고
보리쌀의 씹는 맛이 고소함을 더해 주어 나트륨을 줄일 수가 있다.	
녹차귀리라떼	후식	닭육수를 이용해 감칠맛을 높여 소금 사용량을 줄여도 충분히 맛을 줄 수 있으며,
버터와 생크림우유의 고소함과 풍미가 나트륨을 줄여준다.	
계란숙샐러드	반찬	멸치가루, 새우가루, 함초가루를 이용해 만든 천연조미료의 감칠맛으로 짠맛을 대체하였다.	
한식풍닭가슴살스테이크	일품	무조림에는 소금 대신 고춧가루를 이용해 나트륨을 줄여주었고,
소스를 만들 때 된장 양을 줄이고 매실청을 넣어 나트륨은 낮추고 맛은 높였다.	
강황고구마밥	밥	어간장에 영양부추, 다진청고추, 다진홍고추, 다진양파를 사용해 충분히 절여
식품 자체의 맛을 살려 짠맛을 대체하였다.	
된장시금치옹심이	국&찌개	칼륨이 많이 들어 있는 채소들을 이용해 된장 속에 들어 있는 나트륨을 줄여주었고,
바지락 데친 물을 버리지 않고 사용하여 짠맛을 감칠맛으로 대체하였다.	
불고기 소스를 곁들인 두부구이	반찬	두부는 칼슘, 칼륨과 철분 등이 풍부하여 나트륨 배출을 도와줘요. 두부에 전분을 묻혀서 구워주면 소스와의 흡착력이 강해져서 소량의 간장소스로도 요리 맛을 살리고 나트륨 섭취도 줄일 수 있어요.	
매생이순두부탕	국&찌개	재료 본연의 맛과 향을 풍부하게 가지고 있는 매생이와 홍합을 사용하여 소금 간을 하지 않고 재료 자체의 향과 감칠맛을 더한다. 매생이는 철분 함량은 빈혈을 예방해주고, 비타민과 무기질이 풍부하여 피부미용과 다이어트에 효과 적이다.	
겨자 오이고추소박이	반찬	소금으로 절이거나 양념을 하는 대신 겨자소스를 활용하여 톡 쏘는 매운 맛을 더한다. 오이고추는 비타민 A가 풍부하여 면역력을 높여 감기예방에 효과가 있다.	
실치오이 초절임	반찬	실치는 고칼슘 식품으로 뼈의 건강에 도움을 준다. 실치의 염분은 데쳐서 뺀 후에 사용하고 식초를 이용하여 신맛을 더한다.	
비트무절임	반찬	비트는 칼륨과 철분이 풍부하여 빈혈예방에 좋고, 나트륨 배출에 용이하며 식초의 새콤한 맛을 살려 소금 사용량을 줄인다.	
감귤 김치	반찬	비타민C가 풍부한 귤은 신진대사를 원활하게 도와주고 피부와 점막을 튼튼하게 해주고 겨울철 감기 예방에 뛰어난 귤의 효능이 있다. 귤의 새콤달콤한 맛과 향을 이용하여 심심한 맛을 살릴 수 있다.	
두부달걀덮밥	밥	담백한 두부를 주재료로, 나트륨 배출을 돕는 칼륨이 많이 함유된 가지와 버섯을 사용하고,
가다랑어포로 육수를 내 감칠맛을 더해 소금간을 줄여 나트륨 섭취를 줄였다.	
봄나물밥	밥	•두부를 함께 갈아 만든 장은 시판 비빔장보다 나트륨 함량이 훨씬 낮아요.	
가지연어구이	반찬	가지에는 나트륨 배출을 돕는 칼륨이 많이 들어있다.
또한 사과와 유자, 레몬으로 만든 새콤달콤한 소스를 곁들여
따로 소금간을 할 필요가 없어 나트륨 섭취를 줄였다	
갈릭칩동태구이	반찬	잘 부서지는 동태살을 단단하게 만들기 위해서는 소금에 재워야 하는데,
소금 대신 저염된장에 재우면 살이 단단해지면서 염도를 낮출 수 있다.	
고구마두부스테이크	반찬	청국장은 된장보다 염분을 적게 함유하고 있어 나트륨을 적게 섭취할 수 있다.
유자청을 섞어 달콤새콤한 맛을 더해 소금간을 줄였다	
닭가슴살카나페	반찬	후춧가루로만 간을 해서 염도를 낮췄고, 고구마와 바나나에 들어있는
칼륨이 몸속 나트륨 배출을 돕는다	
삼색꼬치구이	반찬	돼지고기를 나트륨 함량이 높은 쌈장과 고추장, 소금장에 찍어먹는 대신
육류와 어울리는 배와 사과를 사용해 만든 새콤달콤한 소스를 곁들여 나트륨 섭취를 줄였다	
꽁치채소말이	반찬	꽁치에 소금간을 최대한 줄이고, 오렌지소스를 곁들여 비린 맛을 잡으면서 상큼함을 더했다.	
차돌박이구이	반찬	염분이 많은 양념 대신에 오렌지와 홍초를 이용해 상큼한 맛을 살리면서 나트륨 함량을 줄였다	
간장아귀찜	반찬	고추장소스를 사용하지 않고 저염간장과 천연 조미료를 우린 물로 맛을 내
나트륨 섭취를 줄였다.	
견과류통삼겹살찜	반찬	새우젓과 마늘에 소금간을 따로 하지 않고 튀겨 함께 곁들여 맛을 내 나트륨 섭취량을 줄였다	
닭가슴살말이	반찬	재료에 따로 간을 하지 않고
식초와 겨자를 사용한
견과류 소스를 곁들여
나트륨 섭취를 줄였다	
두부말이찜	반찬	소금간 대신 시큼한 레몬소스로 맛을 내 나트륨 함량을 줄였다.	
미나리명태찜	반찬	생선에 양념을 내 익히는 것이 아니라 생선을 찐 다음 소스를 곁들여
생선살 속에 간이 배지 않아 나트륨 함량은 낮추고 재료 본연의 맛을 느낄 수 있다.	
불고기덮밥	밥	일반 간장 대신 맛간장도 넣고 특유의 맛을 높이기 위해서 생강청과 다진마늘을 넣어 감칠맛을 높였다.	
바비큐리조또	밥	통후추와 맛간장, 발사믹식초를 이용해 조림장을 만들어
통삼겹살의 두께가 있어도 간장을 많이 사용 안 해도 깊은 맛을 낼 수가 있다.	
간편콩국수	일품	소금 대신 마늘기름을 사용해 채소를 볶을 때 향을 내주어 나트륨 함량을 줄여주었고,
두유와 두부를 믹서에 갈아 고소함을 높여서 짜지 않은 콩국수를 만들었다.	
모듬해물찜	반찬	해물을 데친 물을 육수로 사용하여 감칠맛을 높였다.	
크렌베리귀리밥	밥	크렌베리의 새콤달콤한 맛과 귀리의 고소함으로 나트륨 사용을 줄이고 맛있는 밥을 만들었다.	
블루베리냉스프	일품	볶은 현미의 고소함과 건조 체리의 상큼한 맛으로 짠맛을 대체하였다.	
토마토제철나물 샐러드	반찬	식빵 대신 두부로 크루통을 만들어 고소함을 더해 주었고,
흑임자와 참깨를 소스로 이용해 짠맛 대신 고소한 맛과 향을 더했다.	
브로콜리스프	일품	닭육수를 이용해 풍미를 높였고 닭육수 자체의 맛으로 소금 사용을 줄였다.
버터는 일반 버터 대신 저염버터을 이용하면 더 좋다.	
초계샐러드	반찬	잣으로 소스를 만들어 고소함을 높여주었고, 참깨와 연겨자 등을 활용하여 소스를 만들어
짜지 않고 고소한 샐러드 소스를 만들었다.	
토마토맑은장국	국&찌개	•닭으로 육수를 우려내고 소량의 된장을 풀어 된장의 구수한 맛과 닭육수의 감칠맛으로 짠맛을 대체했어요.	
매생이찰범벅	밥	소금 대신 녹차소금을 사용하여 염분 섭취량을 줄이고, 멸치로 육수를 우려내 시원한 맛을 높였다.	
통삼겹맥적구이	반찬	소스에 사용되는 된장을 나트륨을 낮춘 제품을 사용하였고, 닭을 우려낸 육수로 감칠맛을 높였다.	
닭가슴살샌드스테이크	반찬	닭육수를 사용하여 감칠맛을 높이고, 오렌지주스의 상큼한 맛으로 짜지 않은 스테이크 소스를 만들었다.	
치즈리조또	밥	소금 대신 소량의 볶음소금을 사용하여 구수한 맛을 높이고 생 표고 버섯을 채썰어 넣어 부드러운 식감을 살렸다.	
가지말이샐러드	반찬	고칼륨 식품인 가지와 다양한 채소를 사용하여 씹는 맛을 높이고, 소스에 머스터드와 레드와인으로 맛을 내
머스터드의 고소한 맛과 레드와인의 떫은 맛으로 조화를 이루었다.	
유자등갈비구이	반찬	유자소스가 고기의 잡내를 없애주고, 고기를 연하게 합니다. 새콤달콤한 소스로 인해 나트륨을 적게 넣고도 맛있는 등갈비를 만들 수 있어요.	
실곤약팟타야	일품	곤약은 칼륨이 함유 되어있어 나트륨의 배출에 효과가 있어요.	
닭고기라이스롤	반찬	잡곡과 닭고기, 갖가지 채소가 토마토 소스랑 어우러져 간편하고 맛있게 먹을 수 있는 롤이예요	
깐풍파스타	일품	크림소스의 고소한 맛을 이용하여 나트륨 함량을 낮출 수 있었어요.	
닭강정	반찬	상큼한 요거트 소스와 카레 튀김옷을 이용하여 별도의 소금을 닭에 넣지 않아도 맛있는 닭강정을 즐길 수 있어요.	
소고기꼬치구이	반찬	간장이나 고추장 소스 대신 유자소스를 이용하여 나트륨 함량을 줄일 수 있어요	
황태볶음면	일품	오징어, 새우, 황태 등 해산물의 감칠맛을 이용하여 나트륨 사용을 줄일 수 있어요.	
토마토덮밥	밥	토마토의 칼륨 성분이 나트륨 배출에 도움이 되요.	
표고크림파스타	일품	우유를 넣고 소스를 만들면, 영양도 좋고, 나트륨을 적게 넣어도 풍부한 맛을 느낄 수 있어요.	
떡갈비통치미국수	일품	배와 동치미국물이 어우러져 나트륨 사용을 줄일 수 있어요	
백김치닭살샐러드	반찬	백김치로 간을 하여 나트륨 사용을 줄였어요	
단호박크림파스타	일품	베이컨을 사용하면, 소금을 별도로 넣지 않아도 맛이 좋은 크림 파스타를 만들 수 있어요.	
견과편수	반찬	견과를 사용하여 단백하여 소금을 적게 넣어도 맛이 좋아 나트륨 사용을 줄일 수 있어요.	
바지락실곤약파스타	일품	바지락을 육수로 사용해 나트륨 함량을 줄일 수 있었어요.	
황태리조또	밥	홍합 육수를 사용하여 나트륨 사용은 줄이고 감칠맛은 높였어요.	
깻잎애호박찜	반찬	저염간장에 양파를 넣어 나트륨을 줄일 수 있고, 매실액으로 맛을 한층 더 높일 수 있어요.	
녹차와 대추밀전병	반찬	녹차가 나트륨 배출을 도와줘요.	
단호박 된장매쉬와 해물굴림만두	일품	된장에 고구마와 단호박을 섞어 나트륨을 줄이고 짠맛이 줄어든 부드러운 된장소스를 만들었어요.	
닭순대	반찬	담백한 닭가슴살을 갖은 야채와 함께 쪄내서 나트륨을 적게 넣어도 그 맛을 충분히 느낄 수 있어요.	
도라지 유자청생채	반찬	라임과 유자로 만든 소스의 새콤달콤한 맛 때문에 소금을 적게 사용할 수 있어요.	
돼지고기 숙주덮밥	밥	•다시마와 가다랑어포로 만든 육수를 사용하여 소금 사용량은 줄이고 맛을 살렸어요.	
두부스테이크	일품	파인애플과 올리브오일을 섞어 만든 소스는 새콤달콤해서 소금을 사용하지 않아도 맛있어요.	
들깨곤약수제비	일품	곤약은 칼륨이 함유되어 있어 나트륨을 배출을 도와주는 효과가 있어요.	
먹물소스를 곁들인 토마토피클	반찬	토마토는 체내에 나트륨 배출을 도와주는 역할을 해요.	
묵은지고등어와 새우말이꼬치	반찬	묵은지를 물에 헹궈서 사용하면 나트륨을 줄일 수 있어요.	
버섯배추말이	반찬	저염간장에 다시마물, 설탕, 식초를 넣어 나트륨을 줄일 수 있어요.	
봄날의 연못	반찬	라임과 유자청의 상큼한 맛 덕분에 간을 적게 해도 맛있게 만들 수 있어요.	
산나물 유부초밥	밥	식이섬유가 풍부한 나물들은 장운동을 활발하게 도와주고 나트륨 배출도 도와줘요.	
삼삼한 롤	반찬	사워크림에 감자를 섞어 만든 부드러운 메쉬감자가 훈제연어의 짠맛을 줄여줘요.	
삼색채소 냉파스타	일품	사과와 비트, 레몬으로 만든 소스는 닭가슴살과 어우러져 짜지 않고 맛있게 만들 수 있어요.	
새우보리죽 고등어스테이크	일품	새콤달콤한 비트 피클은 고등어의 비린맛을 줄여 주고, 새우를 넣고 죽을 쑤면 소금 간을 하지 않아 나트륨을 줄일 수 있었어요.	
소금없는 초밥	밥	다시마와 가쓰오부시로 육수를 만들어 촛물을 만들면, 소금을 적게 사용할 수 있어요.	
잣소스새송이볶음	반찬	반죽에 단호박 가루를 섞어 부치면 색도 곱고 달큰한 맛의 단호박 찹쌀전병이 된다.	
더덕얼갈이겉절이	반찬	양념장을 미리 만들어 하루 밤 숙성시키면 맛이 더욱 좋아진다. - 양념장을 한번에 만들어 냉동해 두고 사용하면 시간을 절약할 수 있다	
과일겨자채	반찬	샐러드를 크래커 등에 올려 카나페로 먹어도 맛있고 샌드위치 속으로 사용해도 좋다.	
콜라비물김치	반찬	남은 콜라비는 채 썰어 사과, 오이와 함께 비빔국수에 넣어 먹어도 맛있다.	
고구마라떼	후식	고구마를 전자레인지에 익히면 조리시간이 단축되고 이때 우유를 함께 데우면 연료가 절감 된다.	
홍시곶감화채	후식	홍시를 얼려두었다 음료나 샐러드 소스 등으로 사용하면 좋다.	
오징어채소말이와 치킨양념소스	반찬	오징어몸통을 한손으로 잡고 다른 손으로는 살며시 다리를 잡아당겨 내장과 함께 떼어 낸 다음 몸통에 소금을 문질러 위로부터 아래쪽으로 껍질을 벗겨낸다. - 오징어는 찐 후 오래두면 색이 누렇게 변하므로 무를 넣어 끓인 물에 오징어를데치거나 찌면 조리 후 색이 덜 변한다.	
옥수수감자샐러드	반찬	감자는 뜨거울 때 포크를 사용하여 으깬다. 남은 샐러드는 드레싱과 섞어 식빵에 넣어 샌드위치를 만들어도 좋다.	
홍합 쌀옹심이국	국&찌개	옹심이 반죽 시 물을 넣지 않고 빚는다. 감자 생것을 갈아서 옹심이를 만드는 것보다 찌는 것이 모양이 잘 만들어 지고 국물이 탁하지 않다.	
찬밥김치달걀찜	반찬	걀물을 체에 거르면 찜이 부드러워진다. 밥을 많이 넣을 경우 무거워 가라앉으므로 가끔씩 저어주어야 한다. 표고버섯, 피망 등 냉장고속 남은 재료를 활용해도 좋다.	
꼬막떡꼬치구이	반찬	꼬막은 껍질이 부딪치게 바락바락 깨끗이 비벼 씻은 뒤 소금물에 반나절 정도 담가 여러번 물을 갈아주면서 해감시킨다. 꼬막과 떡은 데쳤으므로 팬에 구울 때는 꼬막이 질겨지지 않도록 살짝 굽는다.	
물파래콩전	반찬	노란콩은 물에 충분히 불려야 연료소비가 적고 잘 갈아진다.	
카스텔라케이크와 해독주스	후식	해독주스는 몸 안에 독소를 빼주고 나트륨 배출에 도움을 주는 채소 함유량이 많다.
또한 견과류와 건조과일을 사용해 씹는 맛과 고소함으로 짠맛을 대체하였다.	
토마토김치	반찬	김치 양념으로 나트륨 배출에 도움을 주는 바나나를 이용하였으며, 바나나를 이용해 단맛을 높여 주어 소금의 사용량을 줄일 수 있다.	
닭가슴살스튜	반찬	소스로 토마토케첩이 아닌 페이스트 사용으로 나트륨 함량을 낮추었고, 다진마늘과 밀가루를 넣어 감칠맛으로 짠맛을 대체하였다.	
가지겉절이	반찬	양념장에 고추장, 생강청, 매실청을 넣어 감칠맛을 높여주었고 통깨 사용으로 고소함이 더해지면서 고추장 사용을 줄일 수 있었고, 고춧가루 첨가로 색감을 살렸다.	
저염 동치미	반찬	천연 재료인 함초를 사용하여 소금 사용량을 줄여 주었으며, 매실청과 청양고추를 넣어 시원함과 칼칼한 맛을 더해 짜지 않은 동치미를 만들 수 있었다.	
장어수육구이	반찬	소스로 씨겨자를 이용해 간장과 소금 사용없이 매콤하면서 장어의 고소한 맛을 높여 줄 수 있었으며, 장어를 조리지 않고 수육구이 방법을 이용해 나트륨 섭취를 줄일 수 있었다.	
울금해초밥	밥	밥에 울금가루와 건조 미역줄기를 넣어 별도 소금 사용 없이 맛있는 밥을 만들 수 있었다.	
미역줄기두부무침	반찬	양념장에 다진양파, 마늘, 맛간장을 이용해 일반 간장 소스보다 염분을 낮추었으며, 식초를 넣어 새콤함을 더해 주었다.
혼합 견과류를 추가하여 고소함을 더해주어 두부무침의 풍미를 높일 수 있었다.	
맑은육개장	국&찌개	청양고추의 매콤한 맛을 더해 소금 함량을 낮추어 주었으며, 국간장이 아닌 다진마늘과 대파, 후추, 맛간장 사용을 통해 염도를 낮추어주면서 감칠맛과 칼칼한 맛을 더해 주었다.	
주꾸미보양샐러드	반찬	소스에 레몬즙과 정제염이 아닌 레몬소금을 사용하여 비린맛을 잡았고, 소금 사용량을 줄여 나트륨을 줄인 메뉴로 만들 수 있었다.	
전복내장밥	밥	전복의 내장을 소주로 믹서에 갈아주어 비릿한 냄새를 잡아주었고, 나트륨 배출에 도움을 주는 연근과 단호박, 전복의 고소함과 채소의 씹는맛으로 나트륨을 줄였다.	
카레감자전	반찬	카레가루를 이용하여 맛을 내어 나트륨 양을 줄여 주었으며, 소스로 발사믹식초를 넣어 간장의 염분을 줄이면서 맛을 높일 수 있었다.	
두부채소샐러드	반찬	소스로 요거트의 상큼함과 겨자의 톡 쏘는 매콤함, 레몬즙의 새콤함을 높여서 짜지 않고 맛있는 샐러드 소스를 만들어 나트륨 섭취를 낮추었다.	
더덕비트물김치	반찬	더덕의 쓴맛을 제거하려고 소금물에 담가 주는데, 소금물에 담그는 대신 식초에 담가 염분이 더덕에 배는 것을 방지하였고, 생강청을 이용해 매콤하면서 달콤한 맛을 주어 국물의 깊은 맛을 내주었다.	
연어허브스테이크	반찬	로즈마리의 향기로 연어의 잡내를 잡았으며, 갖가지 채소를 넣어 만든 소스를 사용하여 나트륨 섭취를 줄였어요.	
해물칼국수	일품	칼국수면을 직접 만들어 나트륨 함량을 낮추고 풍부한 해산물을 이용하여 간장 사용을 줄였어요.	
버섯리조또	밥	해산물을 이용하여 짠맛을 대체하였으며, 갖가지 버섯을 활용하여 풍미를 살렸어요	
삼색소고기만두	반찬	천연식품으로 밀가루 반죽을 하고, 해물로 만든 육수에 만두를 끓여 나트륨 함량을 줄일 수 있었어요.	
콩가루비빔밥	밥	콩가루를 섞은 고추장소스는 고소한 맛이 더해져 나트륨 함량을 낮출 수 있어요.	
인삼닭살찜	반찬	대추와 인삼 등의 향이 닭고기의 잡내를 없애고, 육수에 찌듯이 익혀 추가 간을 하지 않아도 되요.	
양배추버섯말이	반찬	양배추 찜과 갖가지 채소, 양념한 소고기를 이용하여 식감과 풍미가 좋아요	
단호박떡갈비	반찬	떡갈비를 쪄서 만들어 영양소 파괴를 줄이고 육수를 이용하여 찜으로써 나트륨 함량을 줄였어요.	
배추만두탕	국&찌개	두부와 배추를 이용하여 고소하고 달달한 맛이 어우러져 저염간장을 사용해도 그 맛을 충분히 느낄 수 있어요.	
해산물누들볶음	일품	다양한 해산물을 사용하게 되면, 나트륨을 넣지 않아도 맛이 충분히 우러나오기 때문에 나트륨을 감소 시킬 수 있어요	
허브닭스테이크	반찬	생토마토를 사용한 소스는 나트륨 함량을 줄이고 신선한 맛과 풍미가 있어요.	
새우완자찜	반찬	칼슘과 타우린이 풍부한 새우를 다져 넣으면 나트륨을 적게 넣어도 맛있는 요리가 되어 나트륨 함량을 줄일 수 있어요.	
두부된장무침	반찬	된장에 생크림을 섞어 나트륨을 감소시켰어요.	
귀리죽	밥	귀리와 달걀을 넣어 고소한 맛을 더함으로써 짠맛을 대체했어요.	
탕평채	반찬	저염간장을 소스로 사용해서 나트륨을 감소시켰어요.	
겨자소스를 곁들인 새우롤과 전복샐러드	반찬	고추장에 요구르트를 넣으면 맛도 부드럽고, 나트륨 함량도 감소시킬 수 있어요.	
속채운대저토마토백김치	반찬	소금을 볶아서 김치 국물로 사용하면, 나트륨 함량은 줄이고 단 맛을 느낄 수 있어요.	
둥지튀김	반찬	레몬즙의 칼륨이 나트륨 배출을 도와주고 레몬의 상큼한 맛 때문에 소금없이 소스를 만들 수 있어요.	
들깨죽	일품	사골육수에 들깨가루를 넣어 따로 간을 하지 않아도 맛있게 즐길 수 있어요.	
레몬크림콩다식	후식	몸에 좋은 콩을 다식으로 만들어 먹기에도 간편하고 레몬크림으로 상큼함을 더해 다른 음식의 소금 사용을 줄일 수 있어요.	
룰룰랄라	반찬	구워 넣은 전복이 짠맛을 내서 소금을 적게 넣을 수 있어요.	
매실소스를 곁들인 돼지고기만두	반찬	해독작용과 살균작용이 있는 매실을 사용하면 돼지고기의 냄새도 감소시키고, 매실의 깊은 맛으로 나트륨이 적고 맛좋은 만두를
만들 수 있어요.	
머스터드튤립치킨	반찬	튀김가루에 양파즙, 마늘즙, 파슬리 가루를 넣어 나트륨을 줄일 수 있어요.	
머위향 통밀푸실리	일품	머위의 향이 푸실리와 어우러져 간을 조금만 해도 충분히 맛을 낼 수 있어요.	
미니함박스테이크	반찬	저염간장에 배를 갈아 넣고 소스를 만들면, 고기도 부드러워지고 나트륨도 줄일 수 있어요.	
바다완자탕	국&찌개	새우와 바지락을 넣으면 시원한 육수맛과 천연조미료 성분이 나와 따로 간을 할 필요가 없어요.	
봄옷을 입은 닭	반찬	간을 살짝 해도 취나물의 향이 맛을 더해주어 나트륨을 줄일 수 있어요.	
삼계치킨	일품	인삼소스의 향이 풍미를 더해주어 소금을 적게 사용할 수 있어요.	
삼계치킨롤	반찬	찹쌀과 야채를 함께 볶아 맛을 한층 더 어우러지게 만들어 소금 사용을 줄였어요.	
새우완자탕	국&찌개	새우로 완자를 만들어 소금을 적게 넣어도 싱겁지 않고 맛있게 먹을 수 있어요.	
아삭	반찬	나트륨을 배출을 도와주는 아스파라거스를 초절임으로 만들어 오래 두고 먹을 수 있어요.	
연어비트 절임샐러드	반찬	새콤달콤한 드레싱과 야채가 소금 사용을 줄여요.	
가지나물냉국	반찬	가지나물을 무쳐 냉장 보관했다가 먹을 때 다시마국물을 부어 먹으면 나물과 냉국 두 가지로 즐길 수 있다. - 두가지 식초를 혼합하여 냉국의 간을 맞추면 감칠맛이 더 좋아진다.	
수삼매운닭찜	반찬	닭을 데칠 때 생강편을 넣으면 비린내가 없어진다. - 노두유는 캐러멜소스 대신 사용되는 간장의 일종으로 찜과 구이에 넣으면 색이 진해지고 향이 좋아진다.	
수박즙돼지목심구이	반찬		
별미병어조림	반찬	무를 먼저 끓인 뒤 병어를 넣어야 시원한 맛도 잘 우러나고 생선살이 부서지지 않는다. - 물 대신 다시마멸치국물을 넣으면 더욱 깊은 맛을 낼 수 있다. - 매실액 만드는 법 : 매실과 설탕을 동량으로 준비한다. 씻어서 물기를 말린 매실을 병에 한켜 담고 설탕을 켜켜이 뿌려 밀봉하여 100일간 숙성한 뒤 매실을 건져내고 맑은 액만 패트병에 담아 냉장 보관해 두고 사용한다. 고기 재는 양념, 조림, 오이냉국, 겉절이, 무침 등에 두루 사용하면 요리	
비름나물겉절이	반찬	양념장을 미리 만들어 냉장 보관해두고 부추, 쑥갓, 상치 등을 무쳐 먹어도 맛있다. - 연한 쇠비름은 줄기 째 무쳐먹고 나물이 쇠면 단단한 줄기를 떼고 연한 부분만 먹는다.	
깻잎단호박튀김	반찬	수삼을 잘게 썰어 넣어도 맛있다. - 크기가 큰 깻잎을 선택하여 깻잎 뒷면에 단호박을 넣고 말면 잘 말아지고 색도 선명하다.	
냉머위들깨나물	반찬	머위대를 물에 충분히 우려내야 쓴맛이 줄어든다. - 머위잎을 살짝 쪄서 강된장(강된장부추비빔밥 참조)을 발라 밥을 싸먹으면 쌉쌀한 맛이 입맛을 돋운다.	
수박껍질풋고추볶음	반찬	수박을 먹을 때 미리 과육만 발라 썰어 내면 껍질을 요리에 활용하기 좋다. - 센 불에서 재빨리 볶아내면 아삭하게 익혀지고 기름 사용을 최소화 할 수 있다.	
우무오미자냉화채	후식	오미자 슬러쉬에 꿀떡과 단팥을 올려 빙수로 먹어도 맛있다.	
포도호두스무디	후식	포도 대신 냉장고에 있는 살구, 자두, 복숭아 등 다른 제철과일을 이용해도 좋다.	
전복영양밥과 부추양념장	밥	전복은 솔로 살의 표면을 문질러 씻은 후 한손으로 껍데기부분을 잡고 숟가락을 이용해 얇은 쪽에서부터 전복살을 뜨고 푸르스름한 내장과 단단한 이빨을 제거한다. - 전복살을 썰 때는 사선방향으로 놓고 썰어야 미끄러지지 않고 잘 썰린다. - 다시마국물과 간장의 비율은 1:1로 섞어 사용한다	
근대쌈밥과 멸치견과류쌈장	밥	근대 대신 취나물, 양배추잎, 호박잎 등을 사용해도 된다.	
장어조림	반찬	깻잎을 곱게 채 썰어 깻잎의 향으로 기존에 먹어왔던 장어 소스의 진한 맛을 중화시켜주었다.	
통삼겹스테이크	일품	된장소스에 플레인 요구르트를 사용해 나트륨을 줄여주었고,
볶은 현미를 이용해 부족한 맛을 고소한 맛으로 내주었다.	
저염된장 삼치구이	반찬	•달콤하고 매콤한 소스를 사용하여 나트륨 함량을 낮췄어요.	
미역전복죽	밥	전복 껍질에서 나오는 구수한 맛과 짠맛이 추가로 간을 안해도 염도를 맞출 수가 있었다.
검정깨의 고소한 맛은 죽을 먹기 전에 간을 하지 않아도 담백하고 고소한 맛으로 나트륨 줄인 죽을 만들 수가 있다.	
불고기미니볼	반찬	딸기잼과 오미자청을 이용하여 새콤하면서 달콤한 맛을 주었으며,
튀김의 고소하면서 새콤달콤한 소스가 짠맛을 보완해 주었다.	
치자연근물김치	반찬	국물을 만들 때 마늘을 이용해 마늘의 향을 충분히 살려 시원한 맛을 내주었으며 생연근으로 식감을 살려주었다.	
훈제연어롤	반찬	피클과 양파를 사용하여 훈제 연어의 맛을 한층 더 살렸고, 소스에 오렌지를 넣어 새콤달콤한 맛을 첨가하여 나트륨 함량이 낮으면서도 맛있는 롤을 만들었어요.	
크림닭	반찬	크림소스를 이용하여 만든 크림 닭은 부드럽고 단백하며, 치즈를 활용한 소스는 나트륨 사용을 줄여 줄 수 있었어요.	
등심채소롤	반찬	과일과 채소를 이용하여 아이들이 골고루 먹을 수 있는 음식을 만들었으며, 상큼한 파인애플과 매콤달콤한 칠리소스가 풍부한 맛을 더했어요.	
유부완자탕	국&찌개	유부주머니가 어린이들의 호기심을 자극할 수 있으며, 새우를 넣어 감칠맛을 더해 짠맛을 대체하였어요.	
미니밥버거	밥	햄버거를 좋아하는 아이들에게 밥패티와 다양한 재료가 들어간 소고기패티를 넣어 만든 밥버거는 나트륨 함량도 낮고 영양가 있는 인기 만점 버거예요.	
파프리카볶음밥	밥	토마토 사용으로 나트륨 배출을 시킬 수 있었어요.	
리코타치즈돈가스	일품	판매하는 리코타치즈가 아닌, 직접 만들어 사용하는 리코타치즈로 나트륨에 대한 섭취를 낮추었어요.	
삼겹살부추찜	반찬	찜기를 이용한 조리법은 수증기로 된장 간이 베이므로 나트륨을 낮출 수 있는 조리법이예요.	
전복죽	밥	전복 자체에 간을 이용하고, 참기름의 고소하고 깊은 맛을 이용하여 별도의 소금을 사용하지 않은 음식이예요.	
오징어토마토초무침	반찬	토마토를 활용하여 소스를 만들어 짠맛을 감소시킴으로써 나트륨 함량을 줄였어요.	
들깨칼국수	일품	시원한 해물육수와 고소한 들깨의 조합으로 별도의 소금이 필요없어요	
소고기채소불고기	반찬	•배즙과 저염간장 사용으로 나트륨 함량을 줄였어요.
•소고기는 배즙과 정종에 재워 고기를 부드럽게 하고 누린내를 제거해요.
•향이 진한 깻잎과 표고버섯을 넣어 풍부한 풍미를 더해 조리해요.	
숙주라면	일품	해물 육수에 홍합을 넣어 만들어서 별도의 나트륨을 첨가하지 않아도 맛이 좋아요.	
곤약냉면	일품	동치미 국물에 배즙을 넣어 시원함을 높였어요.	
과일갈비찜	반찬	사과와 배의 새콤달콤한 맛과, 대추와 생강 등의 맛이 어우러져 간장을 적게 사용해도 맛을 유지시켜 주어요.	
토마토소스닭갈비	반찬	닭갈비 소스에 토마토를 넣어 나트륨 함량을 줄였어요.	
골뱅이과일무침	반찬	갖가지 채소와 과일맛이 양념과 함께 어우러져 짠 맛을 대체하면서 식욕을 자극한다.	
두유 마 떡갈비	반찬	두유의 고소한 맛 때문에 소금을 적게 넣어도 충분히 맛있어요.	
떡갈비와 미니잡곡밥	밥	토마토를 곁들여 나트륨 배출을 돕고, 잡곡을 사용하여 식이섬유의 양을 늘립니다.	
리코타소스 연어샐러드	반찬	직접 만든 리코타치즈로 샐러드를 만들어 나트륨 함량을 줄일 수 있어요.	
망고무스케이크와 마카롱	후식	직접 만든 케이크와 마카롱으로 건강한 후식을 즐길 수 있어요.	
망고자몽드레싱 해산물전체	반찬	새우와 관자가 소금 역할을 하기 때문에 소금을 적게 사용할 수 있어요.	
머쉬룸 닭스테이크	일품	발사믹소스와 버터를 사용하기 때문에 나트륨이 적은 소스를 만들 수 있어요.	
미역소스와 타르타르	일품	미역과 새우에서 나오는 천연 감칠맛을 이용했기 때문에 소금을 사용할 필요가 없어요.	
발사믹소스를 곁들인 오리스테이크	일품	소스에 들어간 다진 토마토가 나트륨 배출을 도와줘요.	
방울토마토를 곁들인 너비아니구이와 쌈밥	밥	쌈밥에 토마토와 흑미를 넣고 만들어서 나트륨을 줄일 수 있어요.	
배차와 주악	후식	배차에서 우러나오는 생강과 계피, 통후추가 나트륨 배출을 도와줘요.	
배추관자카나페	반찬	관자를 사용해서 만들기 때문에 소금을 넣지 않아도 맛을 느낄 수 있어요.	
버섯과 두부 비프웰링턴	일품	버터를 사용해서 만들기 때문에 적은양의 소금만 사용할 수 있어요.	
복분자소스를 곁들인 닭테린	반찬	치즈에 함유된 짠맛으로 소금을 적게 넣어도 맛이 좋은 음식을 만들 수 있어요.	
관자버터구이	반찬	오이피클과 고추피클을 이용하여 소금을 사용하지 않고 요리를 만들 수 있어요.	
세 가지 미니 에피타이저	반찬	사과, 오렌지, 레몬을 이용하여 나트륨이 적은 상큼한 에피타이저를 만들 수 있어요.	
식혜양갱과 수박증편	후식	미숫가루가 들어간 버터 잼을 곁들여 나트륨을 줄인 맛있는 증편을 만들 수 있어요.	
호박잎다슬기된장국	국&찌개	호박잎은 비벼서 연하게 만든 후 사용한다. - 다슬기를 달걀물에 묻혀 넣으면 달걀이 얇게 입혀 다슬기가 가라앉지 않는다.	
양배추두부찜과 양파케첩소스	반찬	양배추의 단단한 잎줄기는 부드러운 잎과 열을 받는 시차가 다르고 음식을 할 때도 모양이 고르게 나지 않으므로 조리하기 전 칼로 굵은 심을 도려내는 것이 좋다.	
수박비빔국수와 수박고추장소스	일품	수박물로 고추장양념의 농도를 조절한다.	
미숫가루 부추전	반찬	미숫가루를 많이 넣으면 미숫가루부추전의 질감이 거칠다.	
애호박장떡말이밥	밥	애호박장떡을 얇게 부쳐야 잘 말린다.	
봄나물주먹밥	밥	주먹밥 안에 매실장아찌, 멸치 다진 것, 명란젓 다진 것 등을 넣어도 좋다	
달래두부김치무침	반찬	배추김치는 줄기부분을 사용하고 간이 있으므로 두부에 소금 간을 하지 않는다 무장아찌를 채 썰어 같이 무쳐도 좋다	
